"","INDEX","P_TARGET_FLAG"
"1","3",0.160156605821165
"2","9",0.254832063696103
"3","10",0.14953627863006
"4","18",0.24628911274011
"5","21",0.188901183946996
"6","30",0.19609114293679
"7","31",0.41383924558723
"8","37",0.38656680543375
"9","39",0.0276815156377682
"10","47",0.136456991587004
"11","60",0.0273002883126807
"12","62",0.519553054391167
"13","63",0.887450075729588
"14","64",0.0900832314590539
"15","68",0.0276593002162862
"16","75",0.643234641285012
"17","76",0.801595041775354
"18","83",0.185741934165835
"19","87",0.687818479037959
"20","92",0.439727797885968
"21","98",0.146078145714378
"22","106",0.393225747648881
"23","107",0.0520583367142621
"24","113",0.413286954071538
"25","120",0.334471117400994
"26","123",0.386090690572547
"27","125",0.377313497738487
"28","126",0.41088820744111
"29","128",0.079115813351586
"30","129",0.164209609938765
"31","131",0.104256440819475
"32","135",0.436168613230646
"33","141",0.06026562317518
"34","147",0.177477514260583
"35","148",0.175345607818969
"36","151",0.0435814926243101
"37","156",0.191081299049699
"38","157",0.198346616707901
"39","174",0.08200990793408
"40","186",0.559809878926386
"41","193",0.278468309276354
"42","195",0.506630181198176
"43","212",0.0214271934142532
"44","213",0.564960588669263
"45","217",0.00510534392284182
"46","223",0.199194782474788
"47","226",0.0463328870568832
"48","228",0.454973285518824
"49","230",0.0117463362246184
"50","241",0.556205220847332
"51","243",0.150184626584972
"52","249",0.292996484885849
"53","281",0.802140227242087
"54","288",0.054010956224719
"55","294",0.28457417301235
"56","295",0.243919380125277
"57","300",0.366096801840863
"58","302",0.443581953606481
"59","303",0.0935450308733105
"60","308",0.535576664464693
"61","319",0.0149071832649202
"62","320",0.0402913429497683
"63","324",0.395783001300247
"64","331",0.104811050964694
"65","343",0.057314440080341
"66","347",0.471524850684535
"67","348",0.823461831193635
"68","350",0.539419729042775
"69","357",0.189998063591732
"70","358",0.0555463013020019
"71","360",0.0230364612451062
"72","366",0.241680822003051
"73","367",0.626211298466815
"74","368",0.29215531284139
"75","376",0.704599603992936
"76","380",0.279874771105822
"77","388",0.383074441057188
"78","396",0.313189625009557
"79","398",0.137496659709356
"80","403",0.0547170980564105
"81","410",0.561203232280711
"82","412",0.429910103902837
"83","420",0.387267674725798
"84","434",0.0405135152675686
"85","440",0.429712255190356
"86","450",0.570109200349514
"87","453",0.279705868110634
"88","464",0.264250855052505
"89","465",0.045922973643205
"90","466",0.682959540254847
"91","473",0.0926112715361917
"92","476",0.0607448034070346
"93","478",0.0677977346296665
"94","479",0.128704088461471
"95","493",0.0478065499121094
"96","497",0.159670084012863
"97","503",0.00779213108487272
"98","504",0.394257417965451
"99","505",0.255255747917554
"100","507",0.127332925960191
"101","513",0.475247764853144
"102","519",0.475683457424858
"103","521",0.642649542658121
"104","522",0.62414180171417
"105","545",0.140916184313351
"106","549",0.110585273819441
"107","551",0.195010293323219
"108","556",0.102996744010047
"109","557",0.420666402505999
"110","559",0.23322613618354
"111","560",0.607635704775834
"112","566",0.0462145685422228
"113","569",0.215803667349461
"114","573",0.186728088387756
"115","578",0.685058041537338
"116","579",0.0370228731192055
"117","582",0.0146501970412299
"118","596",0.710840406286534
"119","598",0.691475179297521
"120","599",0.168360367644945
"121","602",0.310608639233601
"122","605",0.840697174764343
"123","617",0.656435323893906
"124","619",0.320431276264373
"125","630",0.213348940670103
"126","634",0.459570472791826
"127","643",0.436794883923177
"128","645",0.279562640661411
"129","647",0.209340359871437
"130","649",0.0682724313899234
"131","656",0.119757929410844
"132","657",0.144947747909961
"133","658",0.157720506842105
"134","667",0.0668964479477034
"135","692",0.137778801248889
"136","693",0.191558589214479
"137","698",0.803963373178239
"138","699",0.639731244012476
"139","700",0.0413019940959067
"140","704",0.109051460578929
"141","707",0.0600508214574854
"142","708",0.753588332677312
"143","709",0.135070359642573
"144","713",0.185347318527514
"145","714",0.0407971170013913
"146","716",0.642457788532615
"147","718",0.186858137212097
"148","722",0.0933450863820906
"149","729",0.33741621004202
"150","731",0.0247091666984489
"151","733",0.542674299756299
"152","746",0.305429193132895
"153","747",0.677111954930095
"154","748",0.481059998342479
"155","753",0.351715786124477
"156","757",0.550008256195548
"157","763",0.022765844100476
"158","767",0.160657168346882
"159","774",0.554380131989907
"160","776",0.491941243794294
"161","788",0.219608559799519
"162","794",0.171988525068281
"163","799",0.226102195576269
"164","803",0.127618210317477
"165","806",0.549777824412942
"166","807",0.223711199814013
"167","811",0.0365987915873581
"168","816",0.128158157850209
"169","818",0.305010240448039
"170","819",0.12554323076193
"171","831",0.120839577592908
"172","835",0.605594227292604
"173","837",0.143220355384714
"174","841",0.819567418395968
"175","846",0.247771656904012
"176","856",0.419391758781579
"177","861",0.513950899535903
"178","862",0.613502714984888
"179","863",0.865888262659663
"180","865",0.641333382060456
"181","871",0.561946451296256
"182","879",0.291049148173992
"183","880",0.126588605582125
"184","881",0.253269134734083
"185","885",0.275792267400609
"186","887",0.34288191137458
"187","892",0.0448378171566024
"188","898",0.0648814145587679
"189","900",0.17239116776524
"190","904",0.253046731764132
"191","906",0.562165907800295
"192","910",0.722055534553826
"193","912",0.277817394455062
"194","913",0.341633614900575
"195","919",0.09221942298859
"196","924",0.637712985999044
"197","925",0.414442919400105
"198","930",0.248272394135312
"199","940",0.231604363469983
"200","941",0.183068171225886
"201","946",0.224321506246361
"202","949",0.420792750761357
"203","951",0.0874154891919124
"204","962",0.0378703380135404
"205","966",0.0664824884499052
"206","967",0.0106921265546662
"207","971",0.881772956034751
"208","981",0.0213058757494488
"209","982",0.0625519607479232
"210","983",0.0514842407689207
"211","984",0.0319378443805704
"212","989",0.220896337924721
"213","990",0.601851555485651
"214","992",0.454653167521576
"215","995",0.109094088867706
"216","996",0.295057393386494
"217","998",0.415540039785352
"218","1001",0.0738302751546291
"219","1007",0.131243802256846
"220","1008",0.0770633383578823
"221","1016",0.0406789148874318
"222","1022",0.0434369095340512
"223","1027",0.372575084018714
"224","1032",0.323216844997123
"225","1033",0.170071655550929
"226","1041",0.301293736818467
"227","1065",0.513790892384115
"228","1074",0.399195672074332
"229","1075",0.363192058924164
"230","1081",0.169183857772829
"231","1094",0.0457392125811571
"232","1099",0.0761516667067106
"233","1105",0.497669159088573
"234","1123",0.119418142082854
"235","1135",0.007552017000411
"236","1142",0.200991261784476
"237","1155",0.0779978957745781
"238","1169",0.01470216996714
"239","1176",0.0215662994337449
"240","1178",0.653547591859233
"241","1180",0.0316397545555472
"242","1184",0.108855160727882
"243","1185",0.640182074809982
"244","1193",0.27049757056134
"245","1196",0.105010300491545
"246","1199",0.450432556063155
"247","1203",0.287224145802997
"248","1205",0.446821958169421
"249","1207",0.0529601961118045
"250","1208",0.61938347803071
"251","1212",0.33406433389389
"252","1213",0.624690770747954
"253","1222",0.103944268148382
"254","1223",0.336266985031562
"255","1226",0.55684954689056
"256","1227",0.28310029640729
"257","1229",0.124762819159203
"258","1230",0.30174210125354
"259","1231",0.664160688237115
"260","1241",0.0899348530766762
"261","1243",0.0724451773152437
"262","1244",0.114624383029381
"263","1246",0.237518038210163
"264","1248",0.146876038535222
"265","1249",0.132154279462614
"266","1252",0.0914574979943902
"267","1261",0.111833050471496
"268","1275",0.120689977875936
"269","1281",0.88776313015549
"270","1285",0.441340993733521
"271","1288",0.594023764857339
"272","1290",0.059679869706969
"273","1291",0.320455797115675
"274","1304",0.663613316415688
"275","1305",0.132112265213458
"276","1323",0.200166485557034
"277","1342",0.596771820503561
"278","1348",0.166164150813427
"279","1353",0.266027608136877
"280","1363",0.217481687607808
"281","1371",0.251960348951781
"282","1372",0.266542128972938
"283","1378",0.238188644721305
"284","1381",0.333686545136796
"285","1382",0.410714395370361
"286","1393",0.549232534772321
"287","1394",0.0269407872852448
"288","1398",0.395450181968
"289","1404",0.560713375903181
"290","1405",0.700907863564497
"291","1419",0.338222739532943
"292","1421",0.165304696212957
"293","1426",0.0902279257162139
"294","1431",0.476641209283084
"295","1435",0.0403751950572551
"296","1437",0.432447525548864
"297","1438",0.207797189526826
"298","1442",0.525756702890632
"299","1464",0.0659989559253514
"300","1471",0.278083498484097
"301","1473",0.262508023723595
"302","1476",0.0750562634075426
"303","1478",0.333205966612939
"304","1479",0.582123208120771
"305","1487",0.462543157932018
"306","1492",0.444696391885226
"307","1496",0.108953204951837
"308","1497",0.540324918856107
"309","1515",0.014553882018625
"310","1519",0.268364959891186
"311","1522",0.670265177813006
"312","1526",0.34091907311916
"313","1537",0.0537730392652332
"314","1538",0.915645934048522
"315","1540",0.229136408856277
"316","1543",0.117338927101389
"317","1548",0.240103631929622
"318","1549",0.0865506890845428
"319","1556",0.692788404600667
"320","1564",0.0135488934298952
"321","1570",0.200911457729017
"322","1577",0.639530180733374
"323","1585",0.159976333583034
"324","1590",0.251742841288446
"325","1592",0.75468969274046
"326","1594",0.414984849530391
"327","1596",0.461990025163994
"328","1598",0.199720223098759
"329","1603",0.390276114671068
"330","1607",0.325397226052574
"331","1612",0.0873332102792094
"332","1627",0.0358184991609787
"333","1629",0.754908821086765
"334","1630",0.158397005957097
"335","1640",0.202117977209799
"336","1641",0.243698749825299
"337","1646",0.167345886805568
"338","1662",0.523758576005143
"339","1668",0.110104244691707
"340","1671",0.041206565706864
"341","1672",0.552923522085666
"342","1673",0.436132265934014
"343","1686",0.420052381882854
"344","1688",0.708708943889889
"345","1696",0.01862587710071
"346","1701",0.0439658306610743
"347","1707",0.119370549472624
"348","1708",0.084265552344448
"349","1713",0.0625603297753428
"350","1715",0.175899798126844
"351","1717",0.0295070577037656
"352","1721",0.228789818916867
"353","1724",0.855536778278054
"354","1725",0.775223689672279
"355","1730",0.101426144930734
"356","1731",0.619040472473198
"357","1734",0.396512067563103
"358","1740",0.147835258179538
"359","1748",0.0234116126450286
"360","1749",0.102567190322109
"361","1750",0.68799310965165
"362","1763",0.242762379695747
"363","1768",0.081747217986021
"364","1773",0.580715618515032
"365","1777",0.1234145600343
"366","1778",0.385323145683443
"367","1780",0.140037654331612
"368","1782",0.349263807243812
"369","1784",0.057551869119022
"370","1786",0.173994909695394
"371","1787",0.156916259540751
"372","1792",0.194891802146383
"373","1800",0.517200202266754
"374","1801",0.213626022635997
"375","1803",0.172897854830937
"376","1804",0.613332235260555
"377","1807",0.0269596234587235
"378","1818",0.165130440700303
"379","1821",0.0351691026900251
"380","1822",0.083206068009799
"381","1828",0.0940912593585032
"382","1833",0.247856404714184
"383","1844",0.326511521062528
"384","1847",0.390501573204055
"385","1850",0.0533380728326114
"386","1854",0.400122282181493
"387","1858",0.375488791841279
"388","1864",0.179498241178928
"389","1867",0.0668782706033239
"390","1876",0.665579496126886
"391","1880",0.239653880452132
"392","1881",0.0683267824540642
"393","1891",0.191402791264926
"394","1894",0.216307597119205
"395","1895",0.0548777320256331
"396","1901",0.412694482851771
"397","1905",0.0564867430032838
"398","1912",0.37586761447135
"399","1918",0.316736290573384
"400","1921",0.365265593413055
"401","1923",0.334445252625217
"402","1924",0.244296831200579
"403","1931",0.0976459433178059
"404","1941",0.0699405863680646
"405","1950",0.093655617575182
"406","1951",0.213395655298704
"407","1954",0.0127702244475247
"408","1961",0.382944457498208
"409","1966",0.00967093507289807
"410","1979",0.154888989807404
"411","1982",0.0562033161016995
"412","1987",0.781550148030261
"413","1997",0.330487362563863
"414","2004",0.0253651761676164
"415","2011",0.531116261014812
"416","2015",0.394485897427222
"417","2025",0.0133198823390668
"418","2033",0.369075755885508
"419","2034",0.00866132111586949
"420","2035",0.144674753549236
"421","2036",0.676968044112907
"422","2053",0.62957622787901
"423","2059",0.761750997003558
"424","2060",0.0286012065140596
"425","2073",0.269753548477081
"426","2084",0.383016676975582
"427","2089",0.0917484509447863
"428","2092",0.241127758808177
"429","2109",0.553869102488013
"430","2129",0.409903149393374
"431","2134",0.336546781298882
"432","2135",0.0324872860661692
"433","2148",0.01919997187345
"434","2149",0.0245580781624011
"435","2150",0.342763800024611
"436","2165",0.71974815685823
"437","2166",0.0502794670559943
"438","2168",0.0555163256837168
"439","2170",0.194936812307489
"440","2171",0.17501967897959
"441","2172",0.0229125601144341
"442","2176",0.154265000732428
"443","2182",0.0895344044711528
"444","2189",0.168007562436645
"445","2191",0.0668342160298806
"446","2197",0.0255288639703371
"447","2202",0.138610501349587
"448","2203",0.151621821189114
"449","2204",0.670117844251694
"450","2206",0.781546944334595
"451","2218",0.0885216183608618
"452","2219",0.151460709817797
"453","2221",0.388732537085438
"454","2226",0.117723261763203
"455","2228",0.299959546850112
"456","2232",0.573300006900417
"457","2236",0.250891229321552
"458","2241",0.824876806801822
"459","2245",0.0323259706655392
"460","2251",0.331626221441973
"461","2255",0.0407229833631593
"462","2256",0.0165678900083274
"463","2259",0.0161579452919521
"464","2263",0.338142389976727
"465","2264",0.0435919346317693
"466","2267",0.109766440760131
"467","2273",0.83909666064116
"468","2277",0.644665853578641
"469","2287",0.196018875478287
"470","2289",0.247311203863801
"471","2291",0.0599942165776158
"472","2296",0.84589741689133
"473","2299",0.0859655184723892
"474","2306",0.0634778123161077
"475","2314",0.195229383069569
"476","2317",0.0167699890755669
"477","2318",0.615824734356988
"478","2321",0.883472493995996
"479","2324",0.042180314033358
"480","2340",0.404413158353302
"481","2343",0.0457344130109366
"482","2349",0.250354327741689
"483","2352",0.15799725339838
"484","2353",0.393133921238386
"485","2365",0.871496140560518
"486","2370",0.581608226560076
"487","2378",0.12155618030837
"488","2390",0.424973055839169
"489","2399",0.211974166652613
"490","2402",0.724456446694316
"491","2403",0.574999426377972
"492","2404",0.0865196139965763
"493","2414",0.10058102121028
"494","2422",0.26615935581612
"495","2424",0.112667430979461
"496","2430",0.561224384429913
"497","2435",0.282490221567208
"498","2439",0.0708256237613735
"499","2442",0.420269951580572
"500","2445",0.290925595740196
"501","2449",0.262613770091704
"502","2451",0.320983210306519
"503","2461",0.781805327772552
"504","2464",0.129028497382704
"505","2465",0.62625830179743
"506","2472",0.0620306749233314
"507","2476",0.39294390177167
"508","2482",0.225380765921473
"509","2487",0.162080608402989
"510","2498",0.251873997777751
"511","2501",0.0675673669401571
"512","2504",0.256144915702609
"513","2511",0.286966345559876
"514","2518",0.019755697589879
"515","2521",0.182557709451741
"516","2530",0.0830848364656966
"517","2543",0.548726913807909
"518","2545",0.590049310500076
"519","2561",0.378291655598572
"520","2566",0.550690339430915
"521","2572",0.178400881850071
"522","2577",0.166642098018485
"523","2578",0.215427254961215
"524","2580",0.216770019064103
"525","2581",0.117463505873903
"526","2582",0.0448588037747359
"527","2584",0.0489659581896448
"528","2590",0.0205898659874456
"529","2598",0.00670141760549856
"530","2602",0.108987632716712
"531","2605",0.00814936222655965
"532","2616",0.209944552969625
"533","2618",0.198597902120432
"534","2619",0.266495213508915
"535","2624",0.0462755734811105
"536","2632",0.189928207287793
"537","2640",0.240123814740744
"538","2646",0.0157094973964538
"539","2651",0.129870506558182
"540","2660",0.0238970183408041
"541","2661",0.0573829002063571
"542","2668",0.0896816438401831
"543","2670",0.404304245872393
"544","2680",0.347542717489918
"545","2681",0.0186383226766584
"546","2689",0.258198984129141
"547","2694",0.0552527559253033
"548","2695",0.834516107743113
"549","2696",0.521772452723999
"550","2702",0.108176670959945
"551","2704",0.135726210450378
"552","2708",0.0724705563199185
"553","2709",0.0567330375320983
"554","2714",0.488639909039525
"555","2716",0.063310542883507
"556","2723",0.105755906999114
"557","2725",0.413779759431132
"558","2738",0.0829324139008317
"559","2750",0.402486906107381
"560","2756",0.309026558827119
"561","2758",0.0516680093352762
"562","2766",0.434425312197301
"563","2767",0.331218316724393
"564","2771",0.295284033226451
"565","2775",0.36986263307545
"566","2776",0.113991185641699
"567","2779",0.939439288511376
"568","2780",0.375103350643756
"569","2781",0.371173530875449
"570","2782",0.630623649289498
"571","2783",0.149938977291246
"572","2796",0.233345385911005
"573","2798",0.278866947713266
"574","2800",0.0746449529370537
"575","2803",0.0819207715355689
"576","2806",0.00373455650459824
"577","2813",0.133000289872588
"578","2818",0.0891963655488187
"579","2821",0.393482850647796
"580","2825",0.1936046781639
"581","2829",0.03211907625075
"582","2830",0.596459213435096
"583","2833",0.0938561906913737
"584","2839",0.794648445993079
"585","2843",0.053592330274363
"586","2846",0.0711071971641314
"587","2847",0.122721791117239
"588","2848",0.11314721055712
"589","2856",0.797645308148993
"590","2863",0.429728298649637
"591","2867",0.414911962280985
"592","2869",0.110841424017169
"593","2873",0.00828675739746022
"594","2874",0.422875816446042
"595","2875",0.478477389328773
"596","2880",0.529165766105513
"597","2886",0.522725326673485
"598","2887",0.377602644386287
"599","2888",0.245517908968176
"600","2889",0.680844242807405
"601","2890",0.549191902399337
"602","2892",0.209556346512076
"603","2901",0.222653988868854
"604","2902",0.144286729736435
"605","2905",0.322122043861558
"606","2917",0.31238415306504
"607","2922",0.474238025583806
"608","2924",0.0952108579713837
"609","2930",0.1713998243818
"610","2931",0.113638117062258
"611","2946",0.117967790787365
"612","2955",0.336665439182342
"613","2962",0.0154818565252475
"614","2964",0.0213441719564304
"615","2965",0.441331576929963
"616","2967",0.0237904549641723
"617","2970",0.0451316737752222
"618","2973",0.371947582612761
"619","2974",0.179637811302588
"620","2976",0.64988139079509
"621","2977",0.220258991110178
"622","2978",0.198434209434566
"623","2986",0.0962950107044167
"624","2988",0.173324693129426
"625","2989",0.147196314405712
"626","2995",0.649777120521717
"627","3005",0.550012288871388
"628","3011",0.105417714893162
"629","3013",0.0330254039562294
"630","3019",0.642832051044426
"631","3021",0.0336778586400956
"632","3022",0.368317098520366
"633","3029",0.0999548088049713
"634","3037",0.110165662724359
"635","3042",0.271234990393256
"636","3043",0.14835448950009
"637","3049",0.112590242116013
"638","3050",0.63621567055808
"639","3053",0.252747987506801
"640","3058",0.243075964596865
"641","3062",0.200697566807806
"642","3063",0.423733890968678
"643","3065",0.0369950412842958
"644","3080",0.073067168933991
"645","3088",0.197765497703799
"646","3093",0.523204315408046
"647","3096",0.351203338204352
"648","3101",0.319020511603979
"649","3103",0.287823988483853
"650","3107",0.329836736870184
"651","3109",0.0386193797928162
"652","3111",0.0987496589954618
"653","3113",0.832616322593265
"654","3116",0.00476966130241228
"655","3132",0.119327490863395
"656","3141",0.213759483261761
"657","3153",0.353844952944731
"658","3154",0.0296288233313074
"659","3160",0.18041251740463
"660","3167",0.0846156696173614
"661","3170",0.402316973709356
"662","3173",0.495633421118018
"663","3174",0.276403243653238
"664","3177",0.205289538326998
"665","3179",0.240627661220805
"666","3184",0.41648682553822
"667","3190",0.320462839265658
"668","3193",0.056557122321349
"669","3199",0.331019821685185
"670","3201",0.0929375426115363
"671","3202",0.231702833711133
"672","3203",0.620419568571246
"673","3206",0.527506426745698
"674","3209",0.0566415269582817
"675","3210",0.47605033437276
"676","3217",0.18117346351672
"677","3220",0.129063287804375
"678","3228",0.353233614232219
"679","3232",0.029608027355254
"680","3239",0.168187768878176
"681","3243",0.528013908380701
"682","3245",0.148398872631962
"683","3246",0.447780660797105
"684","3251",0.0458176191831915
"685","3253",0.295923015573379
"686","3257",0.0879843331743601
"687","3260",0.0136124682686557
"688","3261",0.303830341708191
"689","3263",0.294847655214256
"690","3278",0.219546348990452
"691","3281",0.140071505941122
"692","3283",0.10035045376742
"693","3290",0.0214025577423536
"694","3297",0.26036792839395
"695","3304",0.0730043951556957
"696","3305",0.421797652876309
"697","3307",0.0459288810145841
"698","3308",0.27773316988312
"699","3313",0.324359903713597
"700","3314",0.210366302330514
"701","3317",0.14195990885046
"702","3348",0.0620235241470239
"703","3350",0.30134522123965
"704","3359",0.0475853204967867
"705","3367",0.0808931390179499
"706","3376",0.101320205795145
"707","3378",0.311339477650452
"708","3384",0.841969048418778
"709","3386",0.0850215655821316
"710","3387",0.0998183768314256
"711","3388",0.104168872349367
"712","3390",0.0369346367846439
"713","3391",0.325848940504508
"714","3396",0.220015758225665
"715","3398",0.0364359735227457
"716","3404",0.0300096802183232
"717","3406",0.0192111485056939
"718","3407",0.0502916795162192
"719","3414",0.0489214753625008
"720","3419",0.167413720022619
"721","3423",0.575513996068883
"722","3427",0.0516125524365415
"723","3432",0.0461400972785981
"724","3434",0.0418358300471431
"725","3438",0.0318691633130866
"726","3442",0.154632332833102
"727","3443",0.0554077477411577
"728","3448",0.052213810758985
"729","3456",0.0965351041080368
"730","3464",0.124485387904741
"731","3470",0.658353754439616
"732","3475",0.530760415961248
"733","3477",0.336057284929157
"734","3490",0.0775050807988025
"735","3493",0.410839905406531
"736","3502",0.361844237674473
"737","3508",0.0328854604174405
"738","3516",0.0998088291346012
"739","3517",0.262515703204928
"740","3525",0.191183875834314
"741","3532",0.692015754845342
"742","3535",0.392042045087467
"743","3536",0.727310351954012
"744","3540",0.139780152788657
"745","3547",0.333992563582669
"746","3550",0.459089595511573
"747","3557",0.571375266419249
"748","3562",0.149755877410159
"749","3563",0.0903953981499422
"750","3564",0.265980115850332
"751","3570",0.114935945707616
"752","3573",0.308524961999313
"753","3577",0.505565273444028
"754","3579",0.616452830646696
"755","3581",0.059740597784687
"756","3587",0.224354135465852
"757","3602",0.349342335901136
"758","3609",0.339668499747063
"759","3612",0.165769812448149
"760","3621",0.409006886381572
"761","3642",0.172141584673862
"762","3647",0.791546091765427
"763","3649",0.455387087364939
"764","3654",0.482037731243805
"765","3660",0.505589539583756
"766","3665",0.689710436446588
"767","3669",0.354948525370361
"768","3673",0.212412106339821
"769","3675",0.270446018085244
"770","3678",0.0752835653377562
"771","3680",0.424453695666144
"772","3686",0.560998961086989
"773","3693",0.221922027335884
"774","3710",0.621927517255708
"775","3713",0.0400073972919212
"776","3718",0.344781011869823
"777","3725",0.0727942361685647
"778","3726",0.368428041058053
"779","3747",0.121319884352914
"780","3753",0.0178781503928632
"781","3754",0.288721674531661
"782","3760",0.796107827148568
"783","3763",0.040336144524929
"784","3765",0.255299430879044
"785","3769",0.190830580429977
"786","3771",0.446474955607637
"787","3784",0.0692469301945939
"788","3787",0.104621060823935
"789","3794",0.27376350116559
"790","3796",0.0726389805514201
"791","3798",0.0688142694982137
"792","3809",0.158369278225767
"793","3812",0.305793278799199
"794","3819",0.31945905713795
"795","3828",0.183750341776291
"796","3831",0.291505750305262
"797","3833",0.128819405465534
"798","3837",0.766631020837378
"799","3839",0.588563038276716
"800","3843",0.44361562914742
"801","3846",0.0871128072024518
"802","3854",0.0439125666577895
"803","3861",0.0571424246257248
"804","3864",0.419430798361336
"805","3868",0.0480659925818099
"806","3869",0.113003316432175
"807","3870",0.185363852727908
"808","3883",0.192883404569681
"809","3886",0.0568923153105123
"810","3889",0.36294804983658
"811","3894",0.339538780054053
"812","3907",0.0422898496667298
"813","3910",0.0559568479566211
"814","3913",0.0353818207849115
"815","3914",0.302112789660005
"816","3921",0.309675107976293
"817","3923",0.0231787599239249
"818","3929",0.56526304584325
"819","3931",0.542897559285876
"820","3932",0.311836740312034
"821","3937",0.620390183838729
"822","3943",0.318115786198076
"823","3956",0.356451983989671
"824","3957",0.462526700236167
"825","3961",0.619557378808787
"826","3971",0.171026090872926
"827","4004",0.211129294201313
"828","4005",0.0570621171296408
"829","4006",0.00842104547392486
"830","4011",0.149565740205992
"831","4013",0.108069135681279
"832","4014",0.0787615723489231
"833","4016",0.460286075657719
"834","4017",0.0222959954327333
"835","4020",0.0707831881891468
"836","4022",0.126201957222262
"837","4026",0.228961299554735
"838","4032",0.185671849459842
"839","4043",0.0807305740169422
"840","4045",0.329540813984177
"841","4048",0.0845381098263831
"842","4051",0.0832030573330953
"843","4052",0.252620226934722
"844","4056",0.0386013341441153
"845","4059",0.0455764144211941
"846","4069",0.0399262855209711
"847","4074",0.442564125432923
"848","4076",0.22964191573017
"849","4077",0.67487756946118
"850","4079",0.733527721639613
"851","4081",0.601689596811353
"852","4088",0.168832189797641
"853","4105",0.106201016329281
"854","4125",0.201818465851598
"855","4134",0.497518106817645
"856","4139",0.0045040541003112
"857","4146",0.0549411963186169
"858","4149",0.139878295916354
"859","4151",0.73072775569308
"860","4155",0.125408905989701
"861","4157",0.157133503990719
"862","4168",0.593155592734246
"863","4170",0.230660162986913
"864","4174",0.0944260319589242
"865","4179",0.304857265907628
"866","4185",0.147875349091167
"867","4199",0.691625857591814
"868","4205",0.0986503509235829
"869","4208",0.0271539664308704
"870","4211",0.631679121472234
"871","4212",0.0532115302674846
"872","4215",0.632902313474944
"873","4217",0.154937759117728
"874","4219",0.873005947818429
"875","4226",0.495520373208648
"876","4227",0.313366851127546
"877","4229",0.0445345289016261
"878","4231",0.0983388192289436
"879","4233",0.0103321369133728
"880","4237",0.388646815912394
"881","4243",0.431072647741312
"882","4248",0.131107039196828
"883","4255",0.0973265577014765
"884","4262",0.035595415626246
"885","4266",0.59817154167487
"886","4268",0.362806252654691
"887","4270",0.710270416833053
"888","4273",0.0303499812577084
"889","4276",0.0606645977211804
"890","4277",0.182256683405177
"891","4279",0.239933659128191
"892","4299",0.111057903486935
"893","4313",0.0350876429330643
"894","4322",0.0426446801633601
"895","4324",0.0707061011633043
"896","4328",0.216536041124771
"897","4331",0.32395908191043
"898","4335",0.0372543335691821
"899","4337",0.4436001443728
"900","4338",0.332099055467097
"901","4343",0.0835648963643311
"902","4347",0.106700574977303
"903","4355",0.692075782276337
"904","4357",0.00475281956222733
"905","4359",0.0405390740131106
"906","4362",0.212435149630317
"907","4368",0.550066026749527
"908","4374",0.0899011466283699
"909","4375",0.49047654342956
"910","4378",0.469079040166051
"911","4381",0.715808566593957
"912","4387",0.118404323415362
"913","4400",0.0256419486687866
"914","4423",0.20890077473217
"915","4424",0.0469383718298428
"916","4428",0.49793501561613
"917","4433",0.677689700018798
"918","4436",0.513894314322634
"919","4437",0.22196245973836
"920","4439",0.363938015481052
"921","4449",0.167269327249243
"922","4456",0.105050641007497
"923","4463",0.12229976081842
"924","4467",0.0789510670485099
"925","4468",0.0588640554469628
"926","4469",0.03362073496578
"927","4472",0.151811573568827
"928","4473",0.0285474572232335
"929","4476",0.787089967092288
"930","4500",0.0249645255813953
"931","4509",0.227512143968366
"932","4513",0.900216927270809
"933","4521",0.0325940946563119
"934","4527",0.457223997563247
"935","4530",0.319173241926556
"936","4532",0.448912855485236
"937","4533",0.126708963118213
"938","4535",0.279580270857399
"939","4536",0.380354091455909
"940","4542",0.367474078533207
"941","4551",0.707597648690141
"942","4554",0.102495139651402
"943","4555",0.901470461642056
"944","4564",0.230968371011319
"945","4572",0.598328996040318
"946","4573",0.0924270878729037
"947","4577",0.314774434413012
"948","4579",0.200760955071972
"949","4583",0.105862910743045
"950","4584",0.352333232218775
"951","4596",0.0607260676909332
"952","4599",0.196718178575747
"953","4607",0.33154845607658
"954","4609",0.474179322035115
"955","4610",0.0501903627008973
"956","4616",0.428446965181573
"957","4617",0.37751364700822
"958","4633",0.249836775555519
"959","4638",0.314564324213731
"960","4641",0.035700999480953
"961","4653",0.476595992112244
"962","4655",0.291580916667269
"963","4659",0.373087962826721
"964","4669",0.0835330700818183
"965","4678",0.0671956363848317
"966","4685",0.651337792680023
"967","4686",0.209388414335162
"968","4691",0.285176072187499
"969","4695",0.149297606771741
"970","4698",0.179024875321606
"971","4700",0.564348419768242
"972","4711",0.0876692935554707
"973","4722",0.0394388447188094
"974","4727",0.408661567781661
"975","4756",0.0111551761491067
"976","4762",0.338936510819449
"977","4763",0.355814776145621
"978","4766",0.0937840330133514
"979","4770",0.0870820289080779
"980","4784",0.365219979555398
"981","4791",0.109820534090938
"982","4795",0.0634153643226364
"983","4799",0.603260109548925
"984","4802",0.563249880590817
"985","4805",0.635857621507818
"986","4814",0.63440615427658
"987","4816",0.393082049099306
"988","4817",0.0632081550757436
"989","4822",0.321990762394757
"990","4827",0.570682506707099
"991","4833",0.177149271404941
"992","4836",0.0113788830441136
"993","4842",0.390764742409253
"994","4844",0.0724667871631579
"995","4845",0.427049554102208
"996","4849",0.287375654910128
"997","4850",0.250045987083542
"998","4860",0.044472763275516
"999","4863",0.328264888273051
"1000","4871",0.0944877051793915
"1001","4878",0.297024298972588
"1002","4881",0.642645162988457
"1003","4888",0.583820889502252
"1004","4900",0.226765127577915
"1005","4906",0.396030962921542
"1006","4909",0.0190163988309844
"1007","4916",0.153382600430193
"1008","4918",0.301194473905903
"1009","4926",0.359764313901887
"1010","4928",0.0962707371256025
"1011","4941",0.429359921860782
"1012","4946",0.112721104846012
"1013","4949",0.0960048478431196
"1014","4956",0.0327839434380458
"1015","4966",0.0446618679300108
"1016","4969",0.461377249634345
"1017","4973",0.114398743019711
"1018","4978",0.465388809093864
"1019","4982",0.273701883489014
"1020","4985",0.0352043010522794
"1021","4991",0.172569579254876
"1022","4998",0.029005570834027
"1023","5000",0.579740687136043
"1024","5004",0.447322191458672
"1025","5005",0.589099902549074
"1026","5011",0.717669156807899
"1027","5016",0.532460505928627
"1028","5018",0.0638303840100491
"1029","5034",0.219913219519051
"1030","5038",0.034998345616868
"1031","5042",0.0863492384410429
"1032","5046",0.0854180654386404
"1033","5051",0.209803325020377
"1034","5054",0.120090584135284
"1035","5057",0.191887508893054
"1036","5062",0.0439827827269136
"1037","5063",0.0390034894861944
"1038","5065",0.10029581087761
"1039","5066",0.104629027180843
"1040","5076",0.18856083078227
"1041","5089",0.180033303390908
"1042","5092",0.614977033737625
"1043","5093",0.575520514603881
"1044","5094",0.0263774853225599
"1045","5098",0.835119601864217
"1046","5102",0.0423153742204993
"1047","5112",0.303027518595574
"1048","5117",0.427353730936258
"1049","5127",0.602301935864592
"1050","5130",0.258931528429513
"1051","5131",0.522196123936314
"1052","5132",0.524307456727221
"1053","5135",0.775573667730891
"1054","5136",0.0277444480939846
"1055","5147",0.454654197461702
"1056","5157",0.0820259706935966
"1057","5160",0.282573480495572
"1058","5165",0.0165758555246674
"1059","5166",0.580461594361593
"1060","5172",0.63425721731167
"1061","5173",0.195947528834228
"1062","5179",0.744672029606605
"1063","5184",0.442401762663138
"1064","5187",0.0604862957457543
"1065","5191",0.0683848331605774
"1066","5193",0.179461231150027
"1067","5194",0.127472553472948
"1068","5199",0.198514612049961
"1069","5212",0.0302199726740854
"1070","5213",0.569541720795429
"1071","5224",0.278167134385051
"1072","5226",0.136446390038068
"1073","5239",0.266290674169924
"1074","5252",0.792834731572194
"1075","5264",0.186857406102338
"1076","5266",0.0149398050035816
"1077","5271",0.0248955716309395
"1078","5273",0.0359856052882873
"1079","5276",0.693457375658246
"1080","5278",0.0559448275286583
"1081","5281",0.606569978671773
"1082","5283",0.573208930959505
"1083","5291",0.0556312192310934
"1084","5294",0.357928789973768
"1085","5296",0.531678678992844
"1086","5297",0.84994637271217
"1087","5313",0.0273144453844124
"1088","5314",0.204801832390129
"1089","5321",0.160248447366774
"1090","5325",0.0116356893705663
"1091","5326",0.12489482949722
"1092","5328",0.0157168097559983
"1093","5334",0.176232466222508
"1094","5338",0.483982489158313
"1095","5344",0.216197867246702
"1096","5348",0.118091885086971
"1097","5352",0.216850851769715
"1098","5353",0.0803695621181494
"1099","5354",0.383391420932525
"1100","5361",0.898790408371752
"1101","5364",0.0196761668518472
"1102","5365",0.096107495184325
"1103","5367",0.384474690591711
"1104","5379",0.47518594646572
"1105","5382",0.46874892622873
"1106","5386",0.322360749237311
"1107","5395",0.0744902259280897
"1108","5410",0.181969566567247
"1109","5411",0.11968072548626
"1110","5416",0.496580968970426
"1111","5424",0.609035536983398
"1112","5426",0.181324954354338
"1113","5428",0.191027827780953
"1114","5430",0.255877667646371
"1115","5433",0.260705981912964
"1116","5437",0.0054083587211354
"1117","5440",0.233552358646074
"1118","5442",0.861342204222652
"1119","5445",0.486992872238338
"1120","5449",0.154123587910489
"1121","5452",0.49014030733379
"1122","5460",0.555973002244298
"1123","5461",0.048424599841797
"1124","5465",0.10187236834669
"1125","5467",0.115024442366184
"1126","5471",0.293298269349826
"1127","5474",0.588489937739686
"1128","5475",0.0337668758651724
"1129","5480",0.0414962671910733
"1130","5481",0.250856340437803
"1131","5484",0.0805080028770271
"1132","5494",0.0773457979259689
"1133","5495",0.711183570365658
"1134","5497",0.0683319374223964
"1135","5499",0.53475188523393
"1136","5507",0.0411693754786238
"1137","5510",0.102444854932374
"1138","5515",0.177152341816598
"1139","5516",0.0663814920408973
"1140","5517",0.202534722153036
"1141","5524",0.0716674023387134
"1142","5530",0.152456177217348
"1143","5534",0.258854814018996
"1144","5543",0.381577882728373
"1145","5545",0.614230476100008
"1146","5558",0.110034978824461
"1147","5562",0.166591362220837
"1148","5573",0.723018836648056
"1149","5581",0.152386720181863
"1150","5583",0.496045926368797
"1151","5587",0.489783841408296
"1152","5589",0.766530512851151
"1153","5591",0.163246031509419
"1154","5596",0.235253787342511
"1155","5606",0.810093087922764
"1156","5608",0.260129132593752
"1157","5611",0.0428354171077871
"1158","5612",0.228593476047281
"1159","5614",0.287371926438594
"1160","5620",0.0238856504023094
"1161","5623",0.125557162684711
"1162","5624",0.0990093244013449
"1163","5626",0.230350982125579
"1164","5633",0.134239057594903
"1165","5635",0.0398259287444205
"1166","5640",0.403534121844595
"1167","5643",0.0764519713760869
"1168","5644",0.447634192503132
"1169","5653",0.317519996117401
"1170","5663",0.0255910090870122
"1171","5664",0.61661777755853
"1172","5667",0.453490510068292
"1173","5671",0.505070387644734
"1174","5673",0.590703719475064
"1175","5676",0.0635825804865841
"1176","5678",0.101597211465214
"1177","5698",0.29816586733432
"1178","5700",0.0269674973277338
"1179","5705",0.334574203595408
"1180","5706",0.809913393496232
"1181","5711",0.0430425039708008
"1182","5712",0.86406598804545
"1183","5716",0.25208518912906
"1184","5719",0.313242500944381
"1185","5725",0.835652662148332
"1186","5728",0.0609138419697777
"1187","5734",0.0579619374447737
"1188","5735",0.0633311551958815
"1189","5743",0.167689211432102
"1190","5754",0.218706874765691
"1191","5755",0.291088711872404
"1192","5756",0.106497520724855
"1193","5766",0.021252995614145
"1194","5770",0.500741278632896
"1195","5774",0.227426406168745
"1196","5775",0.0214277977808255
"1197","5776",0.179843997288806
"1198","5778",0.0367950751979915
"1199","5786",0.528388179518129
"1200","5787",0.350838811726911
"1201","5791",0.22272579988445
"1202","5794",0.258013501849326
"1203","5803",0.271011045397083
"1204","5804",0.244825061437429
"1205","5808",0.128061894077713
"1206","5810",0.0238097127771934
"1207","5813",0.598884678069472
"1208","5828",0.161174077818702
"1209","5839",0.304509057729991
"1210","5842",0.374224027388638
"1211","5843",0.0338938736424231
"1212","5844",0.253517116776317
"1213","5847",0.616208085070358
"1214","5851",0.0169781580932246
"1215","5854",0.0571021990086336
"1216","5857",0.015646784147919
"1217","5866",0.498277424715358
"1218","5874",0.50703330816299
"1219","5886",0.0647029994292632
"1220","5895",0.076974696428672
"1221","5897",0.0375741890496136
"1222","5898",0.266650034637089
"1223","5900",0.72518602070507
"1224","5902",0.304168973150799
"1225","5908",0.653345236276267
"1226","5909",0.0182877404485773
"1227","5912",0.0331872121769726
"1228","5913",0.0802850218391282
"1229","5917",0.287880946692904
"1230","5918",0.574811377820518
"1231","5921",0.0988973629996489
"1232","5931",0.351444971351159
"1233","5942",0.409870136202325
"1234","5943",0.678207010790825
"1235","5950",0.0248291100479476
"1236","5954",0.00805860683749881
"1237","5983",0.0179936168111765
"1238","5995",0.690015378377883
"1239","6002",0.0936463610372548
"1240","6005",0.0297354914611385
"1241","6009",0.332084009680644
"1242","6011",0.00563751556091843
"1243","6012",0.0122544012303497
"1244","6019",0.218208827650796
"1245","6021",0.160658170589187
"1246","6029",0.712744282001877
"1247","6036",0.432713553938417
"1248","6037",0.00502974406400903
"1249","6038",0.0392602072629581
"1250","6043",0.0532920011716421
"1251","6045",0.175660351887849
"1252","6047",0.733979078105398
"1253","6048",0.0307107143117179
"1254","6061",0.286816601305568
"1255","6063",0.206762410939503
"1256","6064",0.0830726031591967
"1257","6068",0.763917399736399
"1258","6069",0.046549366134238
"1259","6070",0.41131436841786
"1260","6071",0.200663188571064
"1261","6074",0.20717818072503
"1262","6079",0.323796944667009
"1263","6082",0.024560631808336
"1264","6088",0.799049938493706
"1265","6094",0.0657519788870776
"1266","6095",0.336238693932993
"1267","6098",0.344716875872899
"1268","6102",0.0273521762742158
"1269","6105",0.44425694607328
"1270","6113",0.0928954049578736
"1271","6116",0.315958001614296
"1272","6120",0.253982055065287
"1273","6121",0.397304095600189
"1274","6126",0.306126593412686
"1275","6144",0.11630413810889
"1276","6145",0.0358987217373656
"1277","6153",0.337424321861702
"1278","6156",0.143354275792148
"1279","6159",0.245854614011011
"1280","6162",0.0790899113674388
"1281","6184",0.620232283224356
"1282","6188",0.279082385012138
"1283","6189",0.275109942977356
"1284","6191",0.510599577890873
"1285","6211",0.469043700775385
"1286","6216",0.166365011974801
"1287","6218",0.583234090429001
"1288","6222",0.248137185130029
"1289","6235",0.270602830795389
"1290","6245",0.162576859728357
"1291","6248",0.65988064516377
"1292","6253",0.309868618639539
"1293","6256",0.0064732329147027
"1294","6257",0.423853675718812
"1295","6259",0.341346743661263
"1296","6266",0.0982155553337183
"1297","6268",0.326525600561058
"1298","6275",0.177574543523334
"1299","6280",0.632436261401712
"1300","6283",0.464694124897634
"1301","6288",0.0552643121716628
"1302","6289",0.0926572952283967
"1303","6301",0.0588172542469088
"1304","6308",0.14619637395355
"1305","6314",0.0286320092689364
"1306","6315",0.0718562683417498
"1307","6316",0.569213103000509
"1308","6317",0.482950854691355
"1309","6318",0.0437287252848422
"1310","6323",0.717698323276506
"1311","6329",0.483671633896275
"1312","6336",0.186368483785711
"1313","6341",0.86012323455602
"1314","6348",0.1637439487594
"1315","6349",0.0366734405781591
"1316","6365",0.030531809430978
"1317","6372",0.286510972651758
"1318","6376",0.0321108601159655
"1319","6378",0.0606277476920561
"1320","6379",0.835046375589103
"1321","6382",0.131024405922116
"1322","6383",0.509335330239813
"1323","6389",0.814336899061883
"1324","6390",0.0259869385675644
"1325","6392",0.0397756266629322
"1326","6394",0.510041511204042
"1327","6402",0.108454709643741
"1328","6404",0.415267431301255
"1329","6405",0.0290983249148176
"1330","6406",0.18257636108684
"1331","6409",0.0800653502147612
"1332","6410",0.114663583642089
"1333","6411",0.0450696407555982
"1334","6421",0.0736822023235209
"1335","6428",0.332465286704977
"1336","6429",0.289499145408965
"1337","6432",0.16074745632927
"1338","6436",0.0250721236009657
"1339","6437",0.368931144997031
"1340","6438",0.257504877405622
"1341","6445",0.0833831355658036
"1342","6447",0.523873586076931
"1343","6450",0.0347677578561914
"1344","6462",0.165408999370656
"1345","6467",0.679873867474419
"1346","6478",0.0278788326528536
"1347","6484",0.172065703647074
"1348","6492",0.368602269183466
"1349","6497",0.0257519232404215
"1350","6504",0.209274514399051
"1351","6505",0.184387953480907
"1352","6513",0.571495657661655
"1353","6525",0.223539808546796
"1354","6526",0.255879231356944
"1355","6528",0.0316088175228804
"1356","6540",0.00809999678665163
"1357","6542",0.103358534178921
"1358","6544",0.419847668340359
"1359","6548",0.0664879246625584
"1360","6552",0.2010336532331
"1361","6558",0.00990314653832771
"1362","6567",0.0249599809693347
"1363","6569",0.598625689542269
"1364","6572",0.125608674395094
"1365","6577",0.0500955651467104
"1366","6581",0.230519233517784
"1367","6588",0.585557741052936
"1368","6591",0.741976886947588
"1369","6594",0.238249483565119
"1370","6600",0.447056073860019
"1371","6602",0.232306900443612
"1372","6604",0.0669461885761846
"1373","6605",0.0241339644442288
"1374","6614",0.281281011110311
"1375","6616",0.169303433929533
"1376","6621",0.444620060302895
"1377","6640",0.316027475458181
"1378","6641",0.329213153092954
"1379","6643",0.0422207538944319
"1380","6644",0.16071695493401
"1381","6649",0.544201584558853
"1382","6650",0.70725446813618
"1383","6655",0.394030803900336
"1384","6661",0.0253129317428309
"1385","6672",0.324579925832738
"1386","6677",0.0409578814269231
"1387","6688",0.0585823988015265
"1388","6689",0.0632620060585329
"1389","6691",0.0513934193152098
"1390","6692",0.392760352120337
"1391","6694",0.789219213429382
"1392","6702",0.551030153678732
"1393","6714",0.0425583068576684
"1394","6716",0.475919655507188
"1395","6724",0.0671191555435731
"1396","6725",0.115553792782673
"1397","6730",0.177254987144813
"1398","6735",0.468940753905293
"1399","6738",0.355908333002035
"1400","6739",0.195784845442265
"1401","6743",0.264575450047604
"1402","6747",0.150328212993476
"1403","6750",0.749506143279276
"1404","6751",0.689769211538883
"1405","6753",0.341744465709803
"1406","6754",0.245148099488749
"1407","6755",0.0825414772906511
"1408","6762",0.166085593904749
"1409","6764",0.0612898460108669
"1410","6772",0.676724224519034
"1411","6774",0.0980850583349181
"1412","6787",0.214511650574156
"1413","6789",0.0331971278953701
"1414","6793",0.157313181238825
"1415","6798",0.0135878823124931
"1416","6799",0.0272129768842103
"1417","6800",0.0982203067177864
"1418","6802",0.0304327167677691
"1419","6808",0.318932182863007
"1420","6809",0.0885454242587119
"1421","6812",0.0112742405593766
"1422","6814",0.858553940237325
"1423","6816",0.517115175052214
"1424","6822",0.0605590209782483
"1425","6829",0.388925187580944
"1426","6834",0.843545709449828
"1427","6836",0.027091250628776
"1428","6839",0.170005652030173
"1429","6840",0.599850507656979
"1430","6843",0.0454317930487458
"1431","6846",0.416540026919336
"1432","6848",0.0175085127000375
"1433","6852",0.0691790551188769
"1434","6856",0.215921534175998
"1435","6860",0.121635431204032
"1436","6866",0.436479131570636
"1437","6870",0.46295692634888
"1438","6878",0.589812085015974
"1439","6880",0.0974762882994134
"1440","6885",0.0364444384950579
"1441","6897",0.0678744443877248
"1442","6902",0.76187988803488
"1443","6904",0.519657941087055
"1444","6907",0.0691332824609124
"1445","6909",0.234139063475568
"1446","6914",0.647481509767148
"1447","6915",0.482546302997129
"1448","6922",0.311926618650764
"1449","6924",0.141568486649031
"1450","6933",0.084884390748006
"1451","6934",0.0845920788691501
"1452","6941",0.339953226705374
"1453","6957",0.196885547884889
"1454","6960",0.0496453513652439
"1455","6969",0.0366361833866228
"1456","6975",0.0700343076330527
"1457","6980",0.709228519253758
"1458","6983",0.0400155421065171
"1459","6987",0.0938379302442002
"1460","6994",0.0601414063867829
"1461","6997",0.00784457920727461
"1462","7002",0.126851758751118
"1463","7010",0.0184507473834498
"1464","7015",0.424789183653729
"1465","7019",0.274137121351395
"1466","7022",0.39168028100075
"1467","7025",0.0233495370631086
"1468","7029",0.0670482980890706
"1469","7031",0.162059019924276
"1470","7037",0.409729908935126
"1471","7038",0.155892853275209
"1472","7043",0.099656656202817
"1473","7049",0.0622863978545867
"1474","7052",0.200373954297133
"1475","7053",0.299740760129722
"1476","7056",0.00730138731672342
"1477","7057",0.583806720822198
"1478","7080",0.236689556366684
"1479","7086",0.135274237094233
"1480","7087",0.0579732562455087
"1481","7105",0.413312967031281
"1482","7108",0.00891115859468065
"1483","7121",0.526522555495768
"1484","7122",0.263964654781576
"1485","7125",0.434419226131943
"1486","7132",0.337090778530854
"1487","7134",0.170924028548718
"1488","7151",0.294857256500198
"1489","7152",0.734053462426832
"1490","7157",0.1853443502963
"1491","7159",0.102305252372642
"1492","7166",0.854738831111395
"1493","7167",0.113822034144443
"1494","7177",0.0410349301368314
"1495","7179",0.696395455031701
"1496","7181",0.301132535508471
"1497","7183",0.0975333855393035
"1498","7186",0.0344888292722904
"1499","7193",0.0179674193371888
"1500","7205",0.0448274548871025
"1501","7207",0.0269540128138508
"1502","7209",0.442291589332427
"1503","7216",0.289632466997868
"1504","7232",0.795139018173313
"1505","7235",0.200977559316637
"1506","7238",0.26213678368947
"1507","7240",0.628171576992088
"1508","7243",0.342983604553466
"1509","7252",0.313453470813506
"1510","7269",0.202689737881257
"1511","7275",0.0374467535218869
"1512","7281",0.171634511857064
"1513","7283",0.0498084812983993
"1514","7287",0.291783596915714
"1515","7289",0.289993323962057
"1516","7291",0.346920402396259
"1517","7294",0.0344026720402514
"1518","7304",0.513103288531956
"1519","7308",0.238549865915723
"1520","7313",0.0545225246303794
"1521","7319",0.423481032097103
"1522","7325",0.0760849061653806
"1523","7326",0.130447651022785
"1524","7330",0.338947209420229
"1525","7332",0.0164756839916622
"1526","7337",0.354614175695891
"1527","7341",0.178770655187972
"1528","7346",0.269122327506666
"1529","7353",0.540004136735683
"1530","7354",0.677427080587043
"1531","7361",0.395352975223355
"1532","7366",0.534709113754557
"1533","7368",0.044361285002976
"1534","7372",0.0347343451311414
"1535","7375",0.382353752669754
"1536","7377",0.428472527279548
"1537","7380",0.124662559628557
"1538","7382",0.429662499624021
"1539","7385",0.722648446154912
"1540","7392",0.732719017798989
"1541","7395",0.0410104690170152
"1542","7397",0.308529552009725
"1543","7403",0.04345134210071
"1544","7406",0.382148176397344
"1545","7409",0.61750490962556
"1546","7410",0.233868106486537
"1547","7412",0.0634941250108553
"1548","7419",0.309781018045233
"1549","7425",0.140628975225034
"1550","7435",0.120989256529149
"1551","7438",0.337428109895778
"1552","7440",0.145481947051825
"1553","7447",0.0962631692173794
"1554","7449",0.67007648837978
"1555","7456",0.238238499399113
"1556","7464",0.0906210563499914
"1557","7478",0.148280296225128
"1558","7480",0.0500141298146097
"1559","7481",0.383294697391173
"1560","7483",0.288009875732144
"1561","7484",0.149407963099432
"1562","7491",0.522286939699193
"1563","7494",0.368874325677401
"1564","7501",0.471307121110956
"1565","7503",0.844959513599303
"1566","7509",0.151407467803901
"1567","7517",0.151326990574675
"1568","7518",0.216100135393109
"1569","7519",0.199044510724166
"1570","7521",0.463517287315608
"1571","7522",0.619499827193387
"1572","7536",0.108050241866823
"1573","7539",0.0166336609157616
"1574","7547",0.410970971567894
"1575","7549",0.0421747884350892
"1576","7552",0.422914135648212
"1577","7554",0.295753936763231
"1578","7556",0.0551518397688276
"1579","7564",0.12736494658589
"1580","7566",0.26371276679851
"1581","7570",0.303560293059688
"1582","7571",0.025947683602746
"1583","7572",0.2165618653627
"1584","7575",0.0774743279111465
"1585","7586",0.0942388619896659
"1586","7589",0.0418690765512291
"1587","7590",0.0426359676366927
"1588","7597",0.258513494576549
"1589","7602",0.0224344267341358
"1590","7604",0.355773689051171
"1591","7605",0.385034716716347
"1592","7612",0.820267335554398
"1593","7615",0.0624681379464707
"1594","7617",0.112097865737625
"1595","7624",0.104553950619095
"1596","7632",0.152408243085845
"1597","7639",0.364034296415454
"1598","7642",0.253888652115528
"1599","7643",0.171096170330634
"1600","7649",0.430684285324557
"1601","7650",0.457107891768064
"1602","7653",0.233877910677586
"1603","7654",0.263042444806223
"1604","7657",0.562755083051235
"1605","7662",0.210844312582015
"1606","7669",0.791618145287194
"1607","7671",0.0181916851105016
"1608","7675",0.0687574197771338
"1609","7678",0.185266511012307
"1610","7682",0.815431508657892
"1611","7688",0.437070142941792
"1612","7689",0.138135403662394
"1613","7690",0.1165206390097
"1614","7692",0.417922776434149
"1615","7699",0.345303985031385
"1616","7705",0.695504098406292
"1617","7712",0.211181593603743
"1618","7726",0.570547763511002
"1619","7728",0.225999299792437
"1620","7735",0.361049053149508
"1621","7737",0.687015640381608
"1622","7739",0.0565078721711017
"1623","7743",0.571956635708431
"1624","7744",0.248824148669964
"1625","7746",0.193016153984897
"1626","7749",0.19262644126272
"1627","7750",0.339135592245909
"1628","7752",0.0527297572561998
"1629","7755",0.121956832016689
"1630","7756",0.841421754194019
"1631","7762",0.114970374714387
"1632","7764",0.752383680443101
"1633","7769",0.101073557442471
"1634","7770",0.444362544561868
"1635","7776",0.141682909980499
"1636","7778",0.280639462268147
"1637","7784",0.526205351413905
"1638","7786",0.272082591851018
"1639","7789",0.218570588334092
"1640","7793",0.362664046381911
"1641","7794",0.0439511478750976
"1642","7804",0.290643292894198
"1643","7811",0.175308859330076
"1644","7813",0.156065122380848
"1645","7815",0.357641054164777
"1646","7817",0.0141662539567276
"1647","7818",0.274347470616211
"1648","7821",0.119724864462879
"1649","7825",0.0436092435979062
"1650","7830",0.534055217743649
"1651","7832",0.144737637048613
"1652","7835",0.00799882605785541
"1653","7839",0.145432005281131
"1654","7842",0.0246344915840205
"1655","7849",0.660144223084708
"1656","7856",0.42729678372325
"1657","7857",0.00301084726761344
"1658","7863",0.0775334033876693
"1659","7866",0.159231384809111
"1660","7871",0.0887659108480597
"1661","7875",0.537018352777752
"1662","7882",0.67150778397309
"1663","7887",0.65387274751555
"1664","7888",0.683741094735652
"1665","7891",0.899625953155047
"1666","7895",0.0205914401237597
"1667","7901",0.295842287234684
"1668","7906",0.3319398199758
"1669","7908",0.852995924845937
"1670","7917",0.157120437089947
"1671","7924",0.609408478477525
"1672","7948",0.385470461772576
"1673","7950",0.694358008833021
"1674","7955",0.131989289371271
"1675","7957",0.0347805959650465
"1676","7959",0.26970196274932
"1677","7967",0.0397728489510197
"1678","7969",0.040585672603974
"1679","7971",0.227180213834332
"1680","7974",0.2259649924443
"1681","7976",0.0683297759458375
"1682","7986",0.829106673342495
"1683","7987",0.638359577991955
"1684","7993",0.224302962849169
"1685","7996",0.470094874682582
"1686","7998",0.218732958198689
"1687","8018",0.0445032321824656
"1688","8019",0.407854679007384
"1689","8027",0.0181327857446354
"1690","8036",0.0474035724751929
"1691","8040",0.0634599147611033
"1692","8044",0.100935303886009
"1693","8050",0.045084007952012
"1694","8052",0.365257707774929
"1695","8054",0.331510084255961
"1696","8057",0.760024706709944
"1697","8058",0.137862846869375
"1698","8059",0.558980183763073
"1699","8066",0.859954349874902
"1700","8070",0.0515414511772773
"1701","8072",0.556201317485122
"1702","8078",0.0240364244827554
"1703","8079",0.0993041702481799
"1704","8080",0.465954227977119
"1705","8081",0.173200242782316
"1706","8088",0.0969114326363811
"1707","8091",0.648565349516316
"1708","8094",0.164781468396491
"1709","8095",0.68129487979957
"1710","8099",0.0772080458371638
"1711","8101",0.277301947553589
"1712","8102",0.00763403235082536
"1713","8116",0.437777580874472
"1714","8125",0.20363895590875
"1715","8134",0.361524776294636
"1716","8139",0.028548888906217
"1717","8141",0.105604398283227
"1718","8147",0.0581345892515076
"1719","8158",0.323050628987891
"1720","8160",0.0526295824921451
"1721","8165",0.402207229842786
"1722","8187",0.356025641979369
"1723","8205",0.271467979675171
"1724","8209",0.306492835536866
"1725","8211",0.360655797029786
"1726","8232",0.00446265090216619
"1727","8236",0.102885652845193
"1728","8237",0.246104220667417
"1729","8238",0.742121494422885
"1730","8245",0.354275374149744
"1731","8256",0.375020797922767
"1732","8268",0.0473016200174172
"1733","8269",0.0190838563532286
"1734","8270",0.304306585119971
"1735","8286",0.110731357663644
"1736","8289",0.0609953393983384
"1737","8301",0.451564138555703
"1738","8305",0.115696206546091
"1739","8310",0.238537357712215
"1740","8312",0.0255983028135905
"1741","8318",0.912425548850462
"1742","8321",0.184229654378375
"1743","8328",0.0386870742935096
"1744","8331",0.0373771294965461
"1745","8334",0.354848563957704
"1746","8344",0.119526116203718
"1747","8345",0.199604501563224
"1748","8352",0.232242142246218
"1749","8358",0.462479833004474
"1750","8359",0.267773404405889
"1751","8360",0.166673594800484
"1752","8365",0.239041354341136
"1753","8366",0.166463490666405
"1754","8369",0.658021897206297
"1755","8373",0.0294053341555538
"1756","8378",0.143144398171197
"1757","8392",0.146653304883836
"1758","8397",0.547677936423444
"1759","8399",0.204148569005194
"1760","8400",0.124759547635666
"1761","8405",0.559151640896001
"1762","8406",0.0355905266493754
"1763","8410",0.130232297804723
"1764","8413",0.0667438687591539
"1765","8414",0.41456478555955
"1766","8416",0.719381820572875
"1767","8426",0.0370832958347549
"1768","8434",0.281418470978503
"1769","8439",0.0814537013492318
"1770","8440",0.150123112966657
"1771","8475",0.0126006588009461
"1772","8480",0.0949004996127181
"1773","8497",0.220858483304514
"1774","8499",0.787523139755927
"1775","8500",0.348468790826006
"1776","8501",0.0450430824766594
"1777","8502",0.516764291098185
"1778","8518",0.332573898155699
"1779","8520",0.511504551060779
"1780","8523",0.318446857171721
"1781","8525",0.126658963988472
"1782","8532",0.0913486982059118
"1783","8535",0.326653339922513
"1784","8543",0.328728456926049
"1785","8554",0.241551551102855
"1786","8560",0.108121426387085
"1787","8561",0.262742264651262
"1788","8563",0.0217832431600615
"1789","8566",0.837797419533643
"1790","8570",0.326969653276173
"1791","8572",0.0634771500193896
"1792","8582",0.178805645853831
"1793","8583",0.234908279174978
"1794","8587",0.23446308145172
"1795","8592",0.232334109649584
"1796","8593",0.472419440391206
"1797","8607",0.017700226168377
"1798","8609",0.134917973180609
"1799","8610",0.0558898203574583
"1800","8614",0.361701818152846
"1801","8616",0.427886656387584
"1802","8622",0.14480422487933
"1803","8623",0.109008365919067
"1804","8624",0.226640030199735
"1805","8633",0.184667909020988
"1806","8641",0.40335656065462
"1807","8644",0.6636706813274
"1808","8649",0.642102862623541
"1809","8653",0.164004666386709
"1810","8657",0.156608393991676
"1811","8658",0.187680817768903
"1812","8663",0.093868221506381
"1813","8672",0.582936132019579
"1814","8680",0.409059457737956
"1815","8684",0.594513183732471
"1816","8687",0.10618888030834
"1817","8688",0.041882541008909
"1818","8690",0.13664486746404
"1819","8712",0.261892768318983
"1820","8717",0.292440356170676
"1821","8730",0.0420043932837348
"1822","8739",0.114310169306913
"1823","8744",0.0267489829096001
"1824","8747",0.284573480982351
"1825","8748",0.280039939948589
"1826","8751",0.675832986074423
"1827","8758",0.198575896558627
"1828","8761",0.455585559698533
"1829","8763",0.00694768764084034
"1830","8764",0.245686267723202
"1831","8765",0.188058289174353
"1832","8773",0.084335133226678
"1833","8780",0.151458147869822
"1834","8781",0.0996891300230263
"1835","8782",0.412276998939739
"1836","8785",0.160513221145717
"1837","8786",0.132419196167176
"1838","8797",0.812235801198795
"1839","8799",0.0474757488098907
"1840","8807",0.714016260195157
"1841","8816",0.0520287031123628
"1842","8817",0.0764831177877853
"1843","8826",0.274420080053223
"1844","8833",0.157519253069866
"1845","8834",0.0667410747598995
"1846","8835",0.0971134982822612
"1847","8840",0.113943360547461
"1848","8843",0.0931915296092232
"1849","8849",0.322058381304327
"1850","8855",0.116846799022303
"1851","8861",0.247234517779362
"1852","8862",0.251052773397492
"1853","8865",0.290848381799424
"1854","8868",0.0045995787150717
"1855","8870",0.0153082285410181
"1856","8880",0.304235674826538
"1857","8885",0.0477779486137854
"1858","8894",0.206551826753461
"1859","8895",0.106656624880363
"1860","8899",0.0420656764273471
"1861","8912",0.290312490110239
"1862","8922",0.0165917444544857
"1863","8924",0.133427789997536
"1864","8928",0.327969509175858
"1865","8932",0.347994855166293
"1866","8943",0.186134185736192
"1867","8945",0.0819180869997717
"1868","8946",0.0512445459706689
"1869","8954",0.318487504893502
"1870","8958",0.352473505148496
"1871","8960",0.581542620577688
"1872","8965",0.224745838753778
"1873","8966",0.0285884383638745
"1874","8967",0.0379471855959462
"1875","8969",0.295914549647494
"1876","8980",0.191621940511822
"1877","8984",0.0276138873660425
"1878","8985",0.763474753102653
"1879","8988",0.36307247396716
"1880","8989",0.443774940092379
"1881","8995",0.12180468697648
"1882","9004",0.0758630599832741
"1883","9010",0.0450166379520951
"1884","9012",0.176612667318429
"1885","9018",0.410992832243638
"1886","9036",0.321363167433767
"1887","9037",0.157986798281596
"1888","9040",0.0756101895783019
"1889","9041",0.260979775478102
"1890","9044",0.470816058304346
"1891","9045",0.0635487512840348
"1892","9047",0.308186840168111
"1893","9049",0.0218730626480596
"1894","9061",0.0166500181157525
"1895","9062",0.313542438507026
"1896","9076",0.146546460390694
"1897","9079",0.23182887690123
"1898","9081",0.225259861899505
"1899","9082",0.142510464069986
"1900","9089",0.599604932387893
"1901","9092",0.272681397577613
"1902","9094",0.361664209708005
"1903","9115",0.0389034550785764
"1904","9117",0.263164688934562
"1905","9118",0.216026271156325
"1906","9120",0.0281099314760371
"1907","9124",0.0189211108438235
"1908","9128",0.275275780587289
"1909","9135",0.382077035689132
"1910","9136",0.781197109209373
"1911","9138",0.357994112058369
"1912","9157",0.399332392238423
"1913","9176",0.0635319701676729
"1914","9183",0.263279623411552
"1915","9187",0.456076500480601
"1916","9188",0.311203253320382
"1917","9190",0.143553038644607
"1918","9197",0.0356442369815921
"1919","9200",0.0406201173291405
"1920","9201",0.198048977324954
"1921","9203",0.0256806007133658
"1922","9212",0.444653940605656
"1923","9213",0.074529264426147
"1924","9214",0.0917070638437929
"1925","9217",0.208029526573405
"1926","9219",0.00430062670682531
"1927","9220",0.0925213847616402
"1928","9221",0.142730505934204
"1929","9237",0.0148039548714043
"1930","9240",0.149476997728749
"1931","9241",0.00851046184095118
"1932","9248",0.198835867595807
"1933","9253",0.478090541460646
"1934","9259",0.600305819142166
"1935","9267",0.15752212069891
"1936","9271",0.416444254653417
"1937","9273",0.300098965348816
"1938","9285",0.0235164895691151
"1939","9290",0.112044119378388
"1940","9291",0.10344551493625
"1941","9293",0.0809835550877872
"1942","9294",0.0567530816722132
"1943","9301",0.0906047840429591
"1944","9302",0.0523216498519512
"1945","9312",0.0139276566549009
"1946","9316",0.315628068913891
"1947","9319",0.66544794187366
"1948","9328",0.0492484620320666
"1949","9331",0.835145078820928
"1950","9338",0.0463463425462211
"1951","9350",0.356765480520703
"1952","9356",0.142722199041397
"1953","9359",0.515456431825705
"1954","9362",0.386602064544416
"1955","9364",0.138163929232901
"1956","9370",0.384748080051727
"1957","9380",0.103548868994721
"1958","9386",0.150596715036986
"1959","9394",0.261307035192401
"1960","9407",0.373504709759521
"1961","9411",0.731535959797291
"1962","9422",0.418865142399338
"1963","9423",0.372813661995518
"1964","9429",0.312383781379151
"1965","9433",0.201873795156845
"1966","9439",0.0423620834974519
"1967","9451",0.196143677593678
"1968","9452",0.414278528903065
"1969","9453",0.0148449147358556
"1970","9460",0.0191070352687139
"1971","9465",0.0396558783893747
"1972","9470",0.0451037878226868
"1973","9476",0.474517947302503
"1974","9485",0.662198637198942
"1975","9486",0.0727214789287705
"1976","9488",0.331647534175449
"1977","9507",0.00832373644392306
"1978","9508",0.341830731548509
"1979","9517",0.377673943325036
"1980","9521",0.224607643235151
"1981","9528",0.137959888523646
"1982","9532",0.413928431085445
"1983","9536",0.126108580939868
"1984","9540",0.112829170247536
"1985","9542",0.156798073504361
"1986","9546",0.222664151363228
"1987","9548",0.243645919187528
"1988","9549",0.121171134667812
"1989","9554",0.0890595960881836
"1990","9555",0.561656864127091
"1991","9558",0.0149837976877805
"1992","9573",0.74679394287227
"1993","9575",0.589912018427866
"1994","9584",0.588762803303353
"1995","9586",0.11844674662767
"1996","9588",0.123560058955948
"1997","9591",0.33372861410523
"1998","9592",0.734655556780158
"1999","9597",0.450185271689746
"2000","9600",0.089134
"2001","9603",0.5866029
"2002","9605",0.3687863
"2003","9614",0.6961431
"2004","9616",0.01216433
"2005","9622",0.6758733
"2006","9624",0.1920435
"2007","9629",0.4632818
"2008","9633",0.05726442
"2009","9640",0.292661
"2010","9644",0.3872709
"2011","9645",0.5572284
"2012","9646",0.08119847
"2013","9648",0.9656209
"2014","9649",0.04564241
"2015","9660",0.1707037
"2016","9664",0.3879421
"2017","9675",0.05235673
"2018","9679",0.6958041
"2019","9680",0.4756877
"2020","9682",0.08211994
"2021","9697",0.0211785
"2022","9701",0.2015033
"2023","9704",0.4246357
"2024","9705",0.177692
"2025","9707",0.2964367
"2026","9714",0.03958994
"2027","9718",0.1475267
"2028","9722",0.09365296
"2029","9739",0.1258341
"2030","9747",0.7164566
"2031","9751",0.182487
"2032","9757",0.1136872
"2033","9759",0.02038713
"2034","9760",0.0871614
"2035","9764",0.5496014
"2036","9776",0.4251152
"2037","9778",0.1866719
"2038","9786",0.07374497
"2039","9803",0.5565854
"2040","9804",0.07932832
"2041","9815",0.06122284
"2042","9824",0.0132031
"2043","9825",0.1586782
"2044","9826",0.3276136
"2045","9827",0.03064481
"2046","9833",0.06710136
"2047","9835",0.05194369
"2048","9860",0.4622369
"2049","9865",0.2934001
"2050","9871",0.2927461
"2051","9874",0.3004366
"2052","9880",0.2716697
"2053","9882",0.3186335
"2054","9885",0.05946637
"2055","9888",0.6383632
"2056","9892",0.04447598
"2057","9893",0.2283579
"2058","9896",0.3194922
"2059","9902",0.08592908
"2060","9906",0.09983455
"2061","9910",0.2170112
"2062","9914",0.3164487
"2063","9918",0.5105302
"2064","9920",0.2192118
"2065","9926",0.2908137
"2066","9931",0.05863686
"2067","9935",0.3840908
"2068","9945",0.8795104
"2069","9953",0.2176154
"2070","9957",0.01067682
"2071","9963",0.1114023
"2072","9972",0.3107255
"2073","9976",0.4799453
"2074","9979",0.4049188
"2075","9980",0.0226557
"2076","9982",0.07622945
"2077","9991",0.74025
"2078","10000",0.2606101
"2079","10003",0.2926017
"2080","10005",0.9155987
"2081","10014",0.02713616
"2082","10032",0.3556016
"2083","10034",0.2831611
"2084","10041",0.0146276
"2085","10042",0.03660385
"2086","10044",0.05839843
"2087","10045",0.2242834
"2088","10054",0.4545142
"2089","10061",0.06777292
"2090","10062",0.556477
"2091","10073",0.1297639
"2092","10081",0.02606842
"2093","10084",0.4654211
"2094","10086",0.1729387
"2095","10093",0.3750102
"2096","10101",0.6833776
"2097","10105",0.2961487
"2098","10110",0.4422527
"2099","10113",0.6096674
"2100","10115",0.5860546
"2101","10119",0.5835949
"2102","10121",0.4793208
"2103","10124",0.8824457
"2104","10126",0.1530753
"2105","10127",0.01950808
"2106","10145",0.1421388
"2107","10147",0.6661416
"2108","10148",0.01182482
"2109","10162",0.3283613
"2110","10163",0.02186129
"2111","10166",0.7834885
"2112","10172",0.08817552
"2113","10173",0.3980913
"2114","10175",0.02243528
"2115","10180",0.1447962
"2116","10186",0.02593375
"2117","10192",0.4465731
"2118","10199",0.2993011
"2119","10209",0.9417945
"2120","10210",0.2423712
"2121","10214",0.04800703
"2122","10215",0.2101047
"2123","10216",0.7308973
"2124","10232",0.3206043
"2125","10239",0.2847182
"2126","10249",0.04249847
"2127","10253",0.455784
"2128","10255",0.1883642
"2129","10262",0.07410218
"2130","10264",0.033679
"2131","10266",0.1636837
"2132","10268",0.2113287
"2133","10271",0.1544847
"2134","10272",0.3179919
"2135","10276",0.3931053
"2136","10277",0.01791722
"2137","10279",0.4402896
"2138","10281",0.01797677
"2139","10285",0.008202679
"2140","10294",0.2591926
"2141","10300",0.1431637
